{
    "faces":[41,0,1,3,2,0,1,2,3,0,0,0,0,41,2,3,7,6,0,1,2,3,1,1,1,1,41,6,7,5,4,0,1,2,3,2,2,2,2,41,1,0,4,5,2,3,0,1,3,3,3,3,41,4,0,2,6,2,3,0,1,4,4,4,4,41,7,3,1,5,0,1,2,3,5,5,5,5,41,8,9,10,11,0,1,2,3,6,6,6,6,41,12,15,14,13,0,1,2,3,5,5,5,5,41,8,12,13,9,0,1,2,3,7,7,7,7,41,9,13,14,10,0,1,2,3,8,8,8,8,41,10,14,15,11,0,1,2,3,9,9,9,9,41,12,8,11,15,0,1,2,3,10,10,10,10,41,16,17,18,19,0,1,2,3,4,4,4,4,41,20,23,22,21,0,1,2,3,11,11,11,11,41,16,20,21,17,0,1,2,3,12,12,12,12,41,17,21,22,18,0,1,2,3,13,13,13,13,41,18,22,23,19,0,1,2,3,14,14,14,14,41,20,16,19,23,0,1,2,3,15,15,15,15,41,24,25,26,27,0,1,2,3,16,16,16,16,41,28,31,30,29,0,1,2,3,17,17,17,17,41,24,28,29,25,0,1,2,3,18,18,18,18,41,25,29,30,26,0,1,2,3,19,19,19,19,41,26,30,31,27,0,1,2,3,20,20,20,20,41,28,24,27,31,0,1,2,3,21,21,21,21],
    "vertices":[-0.25,-1.01864,0.5,-0.25,0.961357,0.5,-0.25,-1.01864,-0.5,-0.25,0.961357,-0.5,0.25,-1.01864,0.5,0.25,0.961357,0.5,0.25,-1.01864,-0.5,0.25,0.961357,-0.5,1,0.25,-0.75,1,0.25,0.75,-1,0.25,0.75,-1,0.25,-0.75,1,1,-0.75,0.999999,1,0.75,-1,1,0.75,-1,1,-0.75,0.5,-0.9375,-0.625,0.5,-0.9375,0.625,-0.5,-0.9375,0.625,-0.5,-0.9375,-0.625,0.5,-0.4375,-0.625,0.5,-0.4375,0.625,-0.5,-0.4375,0.625,-0.5,-0.4375,-0.625,0.75,-1,-0.75,0.75,-1,0.75,-0.75,-1,0.75,-0.75,-1,-0.75,0.75,-0.5,-0.75,0.75,-0.5,0.75,-0.75,-0.5,0.75,-0.75,-0.5,-0.75],
    "uvs":[[0,0,1,0,1,1,0,1]],
    "normals":[-1,0,0,0,-0,-1,1,0,0,0,0,1,0,-1,0,0,1,0,-0,-1,0,1,0,0,-0,-0,1,-1,-0,-0,0,0,-1,0,1,-0,1,0,0,-0,-0,1,-1,-0,-0,0,0,-1,-0,-1,0,0,1,-0,1,0,0,-0,-0,1,-1,-0,-0,0,0,-1],
    "metadata":{
        "generator":"io_three",
        "vertices":32,
        "normals":22,
        "type":"Geometry",
        "faces":24,
        "version":3,
        "uvs":1
    }
}