{
    "metadata":{
        "version":3,
        "vertices":8,
        "type":"Geometry",
        "faces":6,
        "uvs":1,
        "normals":6,
        "generator":"io_three"
    },
    "vertices":[1,-0.5,-1,1,-0.5,1,-1,-0.5,1,-1,-0.5,-1,1,0.5,-0.999999,0.999999,0.5,1,-1,0.5,1,-1,0.5,-1],
    "uvs":[[0,0,1,0,1,1,0,1]],
    "normals":[-0,-1,0,0,1,-0,1,0,0,-0,-0,1,-1,-0,-0,0,0,-1],
    "faces":[41,0,1,2,3,0,1,2,3,0,0,0,0,41,4,7,6,5,0,1,2,3,1,1,1,1,41,0,4,5,1,0,1,2,3,2,2,2,2,41,1,5,6,2,0,1,2,3,3,3,3,3,41,2,6,7,3,0,1,2,3,4,4,4,4,41,4,0,3,7,0,1,2,3,5,5,5,5]
}