{
    "metadata":{
        "version":3,
        "vertices":16,
        "type":"Geometry",
        "faces":12,
        "uvs":1,
        "normals":12,
        "generator":"io_three"
    },
    "vertices":[1,-1,-0.5,1,-1,1.5,-1,-1,1.5,-1,-1,-0.5,1,0,-0.499999,0.999999,0,1.5,-1,0,1.5,-1,0,-0.5,1,-1,-0.5,1,-1,0.5,-1,-1,0.5,-1,-1,-0.5,1,1,-0.5,0.999999,1,0.5,-1,1,0.5,-1,1,-0.5],
    "uvs":[[0,0,1,0,1,1,0,1]],
    "normals":[-0,-1,0,0,1,-0,1,0,0,-0,-0,1,-1,-0,-0,0,0,-1,0,-1,0,0,1,0,1,0,1e-06,-0,-0,1,-1,-0,-0,0,0,-1],
    "faces":[41,0,1,2,3,0,1,2,3,0,0,0,0,41,4,7,6,5,0,1,2,3,1,1,1,1,41,0,4,5,1,0,1,2,3,2,2,2,2,41,1,5,6,2,0,1,2,3,3,3,3,3,41,2,6,7,3,0,1,2,3,4,4,4,4,41,4,0,3,7,0,1,2,3,5,5,5,5,41,8,9,10,11,0,1,2,3,6,6,6,6,41,12,15,14,13,0,1,2,3,7,7,7,7,41,8,12,13,9,0,1,2,3,8,8,8,8,41,9,13,14,10,0,1,2,3,9,9,9,9,41,10,14,15,11,0,1,2,3,10,10,10,10,41,12,8,11,15,0,1,2,3,11,11,11,11]
}